masterid,Имя,Фамилия,Специализация,Опыт_работы,Телефон
1,Никифор,Тимофеева,Официант,4,+7 916 337 6595
2,Пантелеймон,Горшков,Хлебопёк,7,8 055 985 66 70
3,Всемил,Воронцов,Виноградарь,20,+7 335 198 40 29
4,Харитон,Фадеева,Проходчик,14,+7 (607) 967-3973
5,Елисей,Виноградов,Футуролог,20,+7 (454) 472-08-37
6,Кондрат,Беляев,Судебный пристав,1,8 (162) 025-51-26
7,Раиса,Фролова,Дефектолог,15,+7 (969) 968-9070
8,Адриан,Зимин,Системный администра,17,8 145 507 03 73
9,Велимир,Шашков,Столяр-краснодеревщи,8,+7 (987) 692-10-85
10,Аполлинарий,Сергеев,Программист,18,+7 (523) 782-4449
11,Вадим,Колобов,Аллерголог,3,+7 (637) 284-48-71
12,Михаил,Исакова,Брейдер,5,+74620393983
13,Ян,Котова,Моторист,14,+7 478 888 8906
14,Мариан,Бирюкова,Визажист,7,8 303 255 03 31
15,Прасковья,Антонова,Редактор,13,+7 754 371 36 85
16,Полина,Фокина,Филолог,12,8 556 793 9896
17,Аггей,Пестова,Флорист,8,+7 (268) 387-79-27
18,Климент,Ширяев,Инженер,7,8 (057) 285-90-58
19,Панфил,Жданов,Аккумуляторщик,10,8 (671) 428-62-71
20,Климент,Гаврилова,Бондарь,16,86117215602
21,Бажен,Сорокин,Холодильщик,11,+7 497 218 25 97
22,Валерий,Жданов,Энтомолог,15,+7 691 042 4577
23,Аскольд,Овчинников,Акушер,18,8 (359) 286-5520
24,Никон,Субботин,Тальман,5,8 (263) 573-6575
25,Наина,Маркова,Редактор,12,8 652 695 3217
26,Порфирий,Алексеев,Неонатолог,3,+7 980 402 3168
27,Пимен,Михайлова,Товаровед,19,+7 088 613 36 60
28,Сократ,Лукин,Ракетчик,10,+7 (875) 873-51-32
29,Светлана,Андреев,Юрисконсульт,13,8 358 854 94 57
30,Леон,Виноградова,Переплётчик,15,8 446 287 62 78
31,Будимир,Зиновьева,Серпентолог,6,82150339946
32,Александр,Ковалева,Инженер по Технике Б,20,+76966391595
33,Иосиф,Молчанов,Товаровед,16,8 (742) 387-86-58
34,Никодим,Пестова,Сталевар,12,+7 049 883 21 76
35,Эрнест,Ефремов,Историк,8,8 (133) 916-28-24
36,Измаил,Комиссаров,Врач скорой помощи,7,+71122251040
37,Евдокия,Матвеев,Тыловик,16,8 (250) 788-96-76
38,Майя,Рогова,Инженер-гидравлик,9,8 (859) 778-3395
39,Ангелина,Гурьева,Астрофизик,5,+7 265 570 92 70
40,Нина,Ермакова,Сомнолог,12,+7 (946) 117-34-33
41,Марк,Уварова,Столяр-краснодеревщи,8,8 (864) 131-2193
42,Измаил,Белоусов,Налоговый инспектор,19,+7 (728) 874-20-75
43,Анжелика,Афанасьева,Невролог,4,8 416 133 1025
44,Ефим,Пономарев,Татуировщик,10,+7 500 647 6560
45,Милан,Блинов,Таможенник,11,85965522318
46,Феофан,Кузнецова,Инженер-строитель,2,84330607735
47,Эрнст,Шашков,Детектив,16,87326950322
48,Иванна,Родионов,Технолог,20,8 237 729 1032
49,Доброслав,Фадеева,Радиотелефонист,12,8 (988) 793-70-65
50,Марк,Захаров,Воспитатель,15,+7 433 596 3771
51,Поликарп,Тихонова,Миколог,14,83574365215
52,Твердислав,Корнилова,Хлебороб,7,+7 864 580 7158
53,Ксения,Филатов,Акушер,3,84955345190
54,Марк,Бобылев,Психолог,19,87214985974
55,Наина,Воронова,Психолог,13,+72379521555
56,Назар,Виноградов,Пульмонолог,18,8 (098) 829-0292
57,Регина,Абрамова,Доула,5,8 (141) 901-0554
58,Олимпий,Кондратьева,Психотерапевт,7,+7 242 890 9830
59,Митофан,Степанова,Техник,13,+7 (451) 079-2048
60,Бронислав,Куликова,Полицейский,20,8 (102) 916-8016
61,Евдокия,Кириллова,Борт-стрелок,19,8 (932) 903-0449
62,Глафира,Кузнецов,Военный юрист,16,8 605 923 1940
63,Ермил,Королева,Тренд-вотчер,4,8 (500) 109-6401
64,Надежда,Рыбаков,Инфекционист,19,+7 (186) 997-31-74
65,Виссарион,Агафонов,Администратор базы д,10,8 (134) 798-89-83
66,Селиван,Яковлева,Водитель,12,8 (044) 291-1132
67,Мирон,Орехова,Военный полицейский,5,+7 804 486 60 27
68,Зоя,Шаров,Борт-механик,20,+7 (450) 097-38-63
69,Радислав,Егорова,Веб-мастер,12,+7 (639) 182-2627
70,Мир,Николаева,Эпидемиолог,20,8 906 841 0330
71,Прасковья,Хохлов,Териолог,7,8 (491) 782-8236
72,Гремислав,Пахомова,Холодильщик,14,8 (715) 422-0024
73,Зоя,Савин,Мелиоратор,17,8 (955) 586-83-53
74,Аскольд,Денисова,Военнослужащий,18,8 291 990 28 44
75,Богдан,Агафонов,Оториноларинголог,10,+7 (333) 368-0620
76,Епифан,Матвеев,Сыровар,11,8 (239) 076-5620
77,Радислав,Панфилов,Медицинская сестра,13,+79833473887
78,Варвара,Большакова,Коммерческий директо,5,+7 807 538 11 67
79,Панкрат,Веселов,Криптозоолог,14,8 (007) 672-45-18
80,Пантелеймон,Поляков,Секретчик,4,+78447318082
81,Эммануил,Громова,Мастер педикюра,5,+7 790 621 2857
82,Андроник,Антонова,Физик,3,+7 (834) 622-73-17
83,Надежда,Логинова,Водолаз,18,+7 777 689 2389
84,Мария,Гурьев,Монтажник радиоэлект,9,+73012122539
85,Наина,Бобров,Инженер-механик,5,85479939245
86,Евфросиния,Воронов,Телефонист,20,8 525 975 5007
87,Поликарп,Воробьева,Архитектор,6,86313939419
88,Савва,Федорова,Начальник склада,5,8 (018) 452-13-27
89,Анастасия,Давыдов,Священнослужитель,15,8 929 772 4750
90,Феликс,Харитонова,Садовод,2,8 (215) 580-7832
91,Святополк,Алексеев,Скульптор,17,+7 352 490 6314
92,Софрон,Сысоева,Трейдер,5,8 707 326 21 90
93,Геннадий,Зайцева,Вирусолог,12,8 947 303 5489
94,Андроник,Ершов,Ортопед,12,80109346226
95,Никон,Лебедева,Механик,19,8 (552) 795-75-05
96,Боян,Кошелев,Торакальный хирург,15,+70053180789
97,Александр,Беляева,Клинер,2,+7 (905) 384-88-03
98,Влас,Воробьев,Оториноларинголог,19,8 (171) 476-01-95
99,Владлен,Русакова,Кредитный консультан,13,8 (359) 775-80-40
100,Азарий,Быков,Крупье,1,8 (437) 105-22-83
101,Елизар,Зимин,Гранатомётчик,6,81761861916
102,Януарий,Соколова,Грузчик,8,8 711 279 16 04
103,Тимур,Панова,Особист,4,+74810893139
104,Геннадий,Гурьева,Офтальмолог,3,+76074261382
105,Филарет,Красильников,Горничная,4,+7 (975) 088-0698
106,Орест,Кулаков,Орнитолог,13,8 (335) 583-5290
107,Таисия,Белоусова,Инженер-лесотехник,12,+77223593107
108,Януарий,Борисова,Подводник,12,8 906 747 2413
109,Леонид,Сидорова,Кассир,19,+7 474 578 8330
110,Зоя,Самсонова,Программист,8,+7 (406) 674-97-11
111,Твердислав,Ефимов,Логик,6,+7 (202) 628-21-51
112,Георгий,Никифоров,Психоневропатолог,16,8 (593) 734-38-56
113,Николай,Афанасьев,Контент-менеджер,19,8 026 729 61 17
114,Селиван,Медведева,Авиатехник,1,+7 692 184 05 24
115,Максим,Калинин,Морской пехотинец,18,8 738 209 1283
116,Петр,Сафонова,Инкассатор,3,8 (592) 874-9483
117,Александр,Цветкова,Менеджер по работе с,20,8 (215) 529-90-49
118,Порфирий,Крылов,Инкассатор,2,+7 (533) 069-98-72
119,Никанор,Шилова,Оператор вооружения,16,8 412 568 0401
120,Викентий,Филиппов,Серпентолог,3,+7 420 880 9639
121,Всеслав,Уварова,Военный судья,13,+78573891356
122,Владимир,Дьячков,Табаковод,16,8 483 984 3626
123,Антонина,Русакова,Монтажник радиоэлект,11,+7 (774) 888-05-13
124,Софрон,Нестеров,Прокурор,5,87449830285
125,Кузьма,Устинов,Фельдшер,2,8 (276) 267-1775
126,Панкрат,Артемьева,Топограф,3,8 115 527 7545
127,Самсон,Тихонов,Историк,9,+7 (570) 465-9825
128,Виктория,Рожкова,Логик,7,82560948853
129,Виктор,Носова,Капитан судна,6,84243497903
130,Владимир,Романов,Балетмейстер,19,8 719 579 5797
131,Никифор,Доронин,Шахтёр,17,8 048 251 60 86
132,Фотий,Субботин,Корректор,8,+7 362 875 1774
133,Александр,Исаков,Формовщик,20,89650515544
134,Иванна,Исакова,Ракетчик,18,+77072486221
135,Флорентин,Исаева,Зоолог,1,8 783 619 7282
136,Виталий,Воробьев,Кнопочник,16,8 968 499 39 22
137,Прокофий,Хохлова,Каменотёс,3,+7 503 710 26 10
138,Никита,Смирнов,Прозектор,14,86230524930
139,Терентий,Лапина,Инженер-акустик,10,8 931 489 49 31
140,Адриан,Суханова,Бульдозерист,3,8 763 734 80 62
141,Назар,Соловьева,Дворник,19,8 372 231 71 33
142,Стоян,Щукин,Златокузнец,2,+7 (547) 630-45-93
143,Флорентин,Быков,Специалист по клеточ,12,87784436886
144,Ипат,Медведева,Журналист,6,+7 (665) 390-35-85
145,Иосиф,Мартынова,Тыловик,4,8 (582) 081-3124
146,Фортунат,Моисеева,Строитель,19,8 (779) 447-55-65
147,Кузьма,Власова,Лекальщик,3,+7 (357) 620-71-39
222,Нонна,Беспалов,Садовник,17,84908331973
148,Самуил,Савина,Авиационный техник,10,8 (589) 685-45-88
149,Анжелика,Тарасов,Оператор РЛС,18,+7 (894) 679-13-86
150,Болеслав,Кононова,Оператор кино и теле,12,+76828740965
151,Анжелика,Ефимова,Инженер-системотехни,14,8 (655) 568-41-09
152,Федосий,Пономарев,Кинодраматург,17,84881706098
153,Владислав,Лапин,Табаковод,17,+7 383 342 81 54
154,Георгий,Шестакова,Проректор,17,+7 909 555 54 16
155,Галина,Быков,Морской пехотинец,15,+7 (779) 903-76-82
156,Мина,Мартынова,Парфюмер,17,83402898155
157,Всеслав,Зуева,Менеджер,12,89212551347
158,Евлампий,Белякова,Оперативный работник,17,8 600 649 6032
159,Август,Панфилов,Начальник штаба,8,+7 (293) 296-9354
160,Боян,Комиссаров,Жиловщик/Обвальщик,9,+7 (658) 841-51-33
161,Афиноген,Полякова,Военный дознаватель,11,8 802 375 4126
162,Модест,Лапина,Техник,17,+75803004036
163,Ефим,Дементьев,Столяр,11,+7 (216) 958-5594
164,Карп,Сысоева,Плиточник,7,+77613814518
165,Фока,Романова,Метрдотель,11,80335807437
166,Ананий,Горбачев,Биохимик,8,+7 (588) 434-41-59
167,Наина,Воронцова,Брейдер,8,8 662 069 2533
168,Лора,Дроздова,Крановщик,15,+7 (973) 671-2802
169,Орест,Игнатова,Техник,1,8 (692) 490-46-90
170,Севастьян,Романова,Тележурналист,7,+7 (888) 378-4654
171,Ростислав,Сидоров,Телемастер,7,+7 438 652 2878
172,Флорентин,Соловьев,Гранатомётчик,18,8 (830) 778-2711
173,Филимон,Русакова,Зоолог,4,+7 765 373 3998
174,Пахом,Суханова,Вирусолог,6,+7 759 175 29 97
175,Парфен,Ларионов,Педиатр,18,8 765 831 6643
176,Савватий,Дементьева,Гитарист,15,8 (841) 751-6326
177,Емельян,Силина,Бармен,16,+7 805 517 68 34
178,Фаина,Максимова,Борт-радист,19,+7 474 121 5173
179,Милица,Тетерин,Кредитный консультан,18,8 440 346 3899
180,Родион,Шестакова,Авиационный техник,6,8 (637) 243-50-55
181,Никодим,Щербаков,Месильщик,1,8 (366) 706-7399
182,Ананий,Кудряшов,Фармацевт,8,+71698665514
183,Леонид,Фролова,Химик,19,8 (190) 962-91-57
184,Мефодий,Захаров,Корректировщик,14,88240343994
185,Иннокентий,Блохин,Футуролог,14,+7 (301) 826-4533
186,Исай,Муравьев,Адвокат,20,8 (078) 649-7454
187,Всемил,Шестакова,Шкипер,6,8 408 482 75 97
188,Вероника,Кондратьева,Воспитатель,12,+7 (824) 904-86-00
189,Самсон,Хохлов,Инженер по механизац,5,+7 289 296 1053
190,Фрол,Савина,Философ,11,8 657 289 0305
191,Ефрем,Русакова,Теолог,20,+7 086 674 80 90
192,Сила,Устинова,Садовник,6,+7 (542) 485-9997
193,Мирон,Фокина,Инженер-системотехни,12,8 285 656 5388
194,Феврония,Ильин,Портной,9,+78450853948
195,Никандр,Козлов,Кредитный консультан,1,+7 (857) 629-01-93
196,Потап,Гусева,Манекенщица,3,8 320 397 2057
197,Иосиф,Мамонтова,Пчеловод,1,8 239 013 50 98
198,Раиса,Федосеев,Финансист,19,+7 607 931 2063
199,Аверкий,Лаврентьев,Диетолог,16,8 (968) 722-44-49
200,Жанна,Муравьев,Повар,19,82273249509
201,Ефрем,Галкин,Иллюстратор,1,8 (244) 615-4633
202,Артемий,Зиновьева,Морской пехотинец,14,+7 314 970 45 65
203,Поликарп,Евдокимова,Водитель,8,8 968 034 1109
204,Аполлинарий,Рогова,Гидролог,13,+7 175 738 48 93
205,Вероника,Мельникова,Ракетчик,16,8 (122) 061-3589
206,Никодим,Хохлова,Преподаватель,5,85647514493
207,Антип,Федотова,Радиомеханик,11,+7 (163) 593-03-69
208,Зосима,Кононова,Страховой агент,13,8 (610) 330-49-62
209,Прокл,Денисова,Танкист,11,8 (974) 193-13-20
210,Любовь,Романов,Мелиоратор,16,+7 155 984 24 45
211,Поликарп,Орлова,Кок,5,8 897 764 9167
212,Дмитрий,Филатова,Садовод,10,80387569595
213,Аггей,Фомин,Уролог,1,+7 407 682 92 70
214,Всемил,Селезнев,Химик-контролер,20,+7 (360) 109-97-60
215,Антип,Мишина,Морской пехотинец,11,+7 (380) 834-2444
216,Аполлон,Назарова,Агроном,17,+73030672258
217,Маргарита,Пахомов,Адвокат,13,8 291 215 0863
218,Таисия,Крылов,Доула,10,8 338 388 68 85
219,Татьяна,Родионова,Начальник военного о,14,+77834453657
220,Ипатий,Шашкова,Ортопед,8,+72863664396
221,Борислав,Терентьев,Аналитик,11,+7 (862) 895-32-14
223,Изяслав,Савина,Специалист по клеточ,11,8 (720) 959-3857
224,Аггей,Лукин,Аллерголог,17,+7 855 388 5631
225,Анна,Зимин,Ботаник,17,8 572 826 23 32
226,Вадим,Полякова,Верстальщик,16,+7 323 403 3732
227,Тимофей,Маслова,Эколог,13,89950663921
228,Натан,Шашков,Монтажник связи,4,+7 773 175 41 86
229,Ростислав,Кудряшова,Промышленный альпини,7,+7 (612) 520-05-62
230,Савватий,Панов,Автогонщик,16,+7 592 436 53 09
231,Николай,Исакова,Юрист,20,+7 (463) 347-17-31
232,Эдуард,Тарасов,Издатель,13,81002419348
233,Гостомысл,Потапов,Инженер-системотехни,20,+7 262 083 0624
234,Изот,Аксенова,Психоневропатолог,5,+7 757 835 34 20
235,Кондратий,Кулагин,Брокер,14,+7 108 672 13 85
236,Аникей,Иванова,Тренд-вотчер,20,8 123 685 4852
237,Эраст,Харитонов,Воздухоплаватель,2,82954152050
238,Серафим,Хохлова,Страховой агент,15,8 (951) 122-5525
239,Мефодий,Маркова,Манекенщица,18,+7 (455) 021-6472
240,Захар,Бирюков,Секретчик,1,85036270756
241,Фрол,Стрелкова,Нейрохирург,20,+7 123 326 69 76
242,Эрнст,Сысоева,Верстальщик,7,+7 923 375 4617
243,Эрнст,Богданова,Инженер-гальваник,4,+7 556 877 1737
244,Нестор,Богданова,Телемастер,17,+7 418 269 8423
245,Ульяна,Иванов,Эксперт-криминалист,5,81451822829
246,Виссарион,Фокин,Программист,17,8 614 011 1019
247,Бронислав,Тарасов,Начальник гаупвахты,6,+7 252 619 8197
248,Куприян,Александрова,Веб-интегратор,12,8 (502) 659-9881
249,Вениамин,Боброва,Ветеринар,5,8 (668) 283-06-72
250,Милован,Терентьева,Географ,6,+7 838 439 0488
251,Ратмир,Никитин,Таксист,3,8 487 075 8550
252,Антонин,Дементьева,Сексопатолог,10,+7 433 892 5498
253,Нифонт,Мишина,Маляр,8,86271386846
254,Богдан,Титов,Заточник,5,+7 (299) 795-46-70
255,Станислав,Осипова,Кинолог,2,8 553 659 5648
256,Юлиан,Лебедева,Архитектор,7,+7 (885) 384-7644
257,Никандр,Макаров,Дилер,15,8 742 560 4625
258,Демид,Федотова,Скотник,4,+7 171 281 8916
259,Ираклий,Мишин,Юрист,13,+7 806 927 16 76
260,Аникита,Мартынова,Оператор РЛС,17,8 (343) 600-4145
261,Екатерина,Ефремов,Андролог,18,+7 500 131 8256
262,Владилен,Федорова,Парфюмер,9,8 (783) 228-9802
263,Тарас,Дьячкова,Хлопокороб,10,+7 284 863 2191
264,Лазарь,Дорофеев,Лётчик,7,+7 (065) 889-55-94
265,Михаил,Кудрявцев,Антрополог,10,+7 (817) 940-5199
266,Майя,Никифоров,Садовник,3,+73371353422
267,Дорофей,Молчанова,Врач УЗ-диагностики,12,8 (206) 285-79-13
268,Вацлав,Дроздов,Борт-инженер,20,+77949287246
269,Светлана,Ефимов,Пчеловод,1,+7 (814) 251-3371
270,Зоя,Кононова,Психиатр,5,89371129693
271,Ефрем,Щукин,Релайтер,18,8 413 250 20 58
272,Мир,Муравьева,Декан,19,+7 112 476 6852
273,Леонтий,Елисеева,Териолог,13,8 814 703 6474
274,Геннадий,Красильникова,Оториноларинголог,7,8 (267) 067-75-88
275,Дмитрий,Бобров,Архитектор,14,+7 303 695 67 66
276,Мирослав,Киселева,Повар,3,+7 490 469 68 96
277,Эдуард,Носов,Артиллерист,14,+7 384 834 32 95
278,Петр,Дьячкова,Мерчандайзер,5,8 (843) 066-92-12
279,Степан,Павлов,Гепатолог,16,8 629 792 09 97
280,Селиверст,Герасимова,Мерчандайзер,4,89551076608
281,Фока,Лазарев,Воспитатель,8,8 (562) 776-6625
282,Регина,Богданов,Машинист локомотива,18,+7 (936) 819-91-56
283,Борис,Маслов,Маркшейдер,8,+7 800 939 25 98
284,Амвросий,Буров,Лётчик,8,+7 297 516 9740
285,Милан,Веселова,Военный прокурор,18,+7 520 930 7588
286,Раиса,Вишняков,Биофизик,8,+7 (378) 718-14-23
287,Викентий,Родионов,Астрохимик,8,+7 492 564 80 15
288,Вышеслав,Дьячкова,Экономист,2,86124047202
289,Борислав,Гаврилов,Швея,10,8 (381) 809-1906
290,Максимильян,Рябов,Механизатор,15,+7 526 511 9360
291,Милен,Филатов,Авиатехник,3,85152246705
292,Милица,Куликов,Начальник службы,2,+7 (229) 671-41-75
293,Иосиф,Горшков,Оператор коллцентра,8,+74817889554
294,Варфоломей,Журавлева,Инженер-электрик,5,+75694839848
295,Ферапонт,Артемьев,Квасник,15,8 (188) 524-24-80
296,Сигизмунд,Жданова,Массажист,2,+7 (549) 261-49-09
297,Любовь,Морозова,Техник,17,8 785 763 4917
298,Гордей,Гаврилов,Эфферентолог,16,84363446343
299,Роман,Рябов,Дипломат,12,89356256864
300,Раиса,Кудряшов,Лётчик,6,8 (563) 434-06-31
301,Кирилл,Баранов,Крупье,3,8 (335) 160-8655
302,Селиван,Тимофеева,Инфекционист,17,+7 (058) 715-46-93
303,Клавдия,Сысоева,Брокер,20,+7 596 516 52 96
304,Лора,Суворов,Кок,17,+7 (610) 415-00-16
305,Гаврила,Доронина,Банкир,13,8 (140) 671-2721
306,Аггей,Исаков,Мануалист,12,+7 (926) 948-15-66
307,Аристарх,Ковалева,Оператор вооружения,3,8 (014) 728-71-68
308,Ян,Куликов,Врач МСЭК,5,+71118834312
309,Станислав,Соколова,Пулемётчик,5,+7 149 021 5949
310,Эдуард,Бурова,Инженер-химик,10,8 653 338 5389
311,Дмитрий,Веселова,Лимфолог,16,8 092 945 4196
312,Кира,Анисимов,Хлебопёк,19,8 392 930 2300
313,Игнатий,Кулагина,Тальман,1,+70885731816
314,Вениамин,Стрелков,Химик-контролер,5,+7 241 717 49 85
315,Галина,Миронов,Доула,11,8 (176) 883-51-96
316,Ангелина,Давыдова,Бульдозерист,19,+7 (367) 050-9138
317,Ерофей,Горбунов,Пастух,16,89130606328
318,Гремислав,Мельникова,Египтолог,17,+7 (835) 902-6190
319,Алексей,Ковалева,Связист,3,8 871 932 36 02
320,Карл,Мухин,Шифровальщик,4,+7 (017) 551-78-26
321,Алексей,Силина,Танцор,15,8 (837) 981-7098
322,Михаил,Жданова,Коммерческий директо,11,+7 584 156 4041
323,Валентин,Денисов,Типограф,13,8 (440) 993-49-49
324,Елизар,Дементьева,Лингвист,2,89090512289
325,Жанна,Носкова,Командир,19,+7 511 328 7786
326,Феврония,Горбачев,Изобретатр,17,+7 359 244 75 76
327,Светлана,Ермакова,Крановщик,14,8 (075) 626-3177
328,Потап,Горбунова,Сурдопедагог,8,+7 941 827 91 40
329,Аскольд,Сорокина,Танкист,7,+7 119 709 9103
330,Татьяна,Зиновьев,Кинолог,12,8 392 883 4856
331,Болеслав,Брагина,Кондитер,4,8 189 750 6229
332,Мирослав,Лихачева,Ветеринар,9,8 839 935 21 12
333,Лукия,Ермаков,Инженер-системотехни,1,+7 087 885 84 87
334,Лора,Панов,Ортодонт,10,+7 (872) 065-9721
335,Софрон,Блинова,Флорист,19,83012433007
336,Афиноген,Беспалова,Востоковед,13,8 299 230 1337
337,Родион,Белякова,Мусорщик,17,+7 050 274 58 87
338,Касьян,Моисеев,Иммунолог,9,+7 175 188 3501
339,Афиноген,Якушев,Переплётчик,5,+7 957 495 1084
340,Агап,Журавлева,Маляр,1,+78716555861
341,Сильвестр,Овчинников,Тальман,2,+7 828 928 3507
342,Ирина,Зайцева,Дознаватель,12,8 953 081 9838
343,Модест,Игнатьев,Табунщик,7,+70259645337
344,Родион,Григорьева,Флеболог,10,8 623 177 41 60
345,Марк,Белоусова,Политолог,16,+7 (748) 861-1334
346,Филипп,Копылова,Десантник,19,+76919251212
347,Лавр,Калинин,Канонир,19,+76930480378
348,Лариса,Зиновьева,Металлург,13,8 182 286 17 81
349,Лукия,Чернова,Эколог,3,82218834412
350,Нинель,Никонова,Инженер по механизац,11,+7 (034) 844-38-69
351,Вячеслав,Овчинников,Механик,9,+7 856 372 81 99
352,Сократ,Рыбаков,Садовод,17,+7 (028) 247-16-01
353,Гостомысл,Тимофеева,Военно-полевой хирур,5,+7 (979) 920-0942
354,Олег,Гущин,Фортификатор,1,8 (749) 551-65-19
355,Наум,Лебедева,Библиотековед,12,8 (525) 638-6923
356,Карл,Степанова,Портной,20,+7 120 617 4385
357,Эдуард,Исаев,Кладовщик,19,8 (320) 620-2476
358,Леон,Горшкова,Художник,16,+7 (929) 155-46-38
359,Герасим,Кулакова,Пастух,3,8 529 548 2124
360,Ермил,Михайлова,Военнослужащий,13,8 659 622 30 30
361,Рубен,Морозов,Веб-мастер,8,+7 170 432 3081
362,Антонина,Захарова,Инженер-строитель,15,8 980 341 56 25
363,Стоян,Петрова,Релайтер,1,86186039818
364,Автоном,Пономарева,Психоневропатолог,12,+71754462989
365,Ратмир,Мясников,Бармен,16,8 (458) 990-7174
366,Синклитикия,Королев,Стилист,8,8 286 657 47 86
367,Борислав,Морозов,Политолог,2,+7 (463) 149-6590
368,Раиса,Зуева,Балетмейстер,12,+7 (569) 109-3419
369,Светлана,Рыбакова,Сомнолог,18,83798158617
370,Алексей,Кабанов,Сыровар,15,8 964 574 60 61
371,Ираклий,Воробьев,Экономист,5,8 915 970 60 91
372,Анисим,Шестакова,Механик,15,+7 731 913 38 51
373,Стоян,Селиверстова,Судебный пристав,18,+7 523 057 26 75
374,Виктория,Никифоров,Виноградарь,14,+7 (846) 195-17-78
375,Арефий,Григорьев,Астроном,16,8 (809) 104-20-98
376,Флорентин,Горбачева,Судья,17,+7 (797) 868-1192
377,Афанасий,Белоусова,Парикмахер,3,8 (542) 274-9147
378,Владилен,Комарова,Столяр-краснодеревщи,6,8 968 706 96 48
379,Харлампий,Комарова,Сурдолог,3,8 002 070 7202
380,Владимир,Маслов,Почтальон,19,8 535 210 7279
381,Лариса,Фомина,Бортпроводник/стюард,17,81789479737
382,Синклитикия,Комарова,Каптенармус,4,8 203 572 04 98
383,Григорий,Мамонтов,Кнопочник,7,8 710 090 5826
384,Варлаам,Беляев,Телемастер,1,8 (528) 441-60-96
385,Трофим,Цветкова,Мастер маникюра,15,8 (729) 283-6977
386,Любовь,Тарасов,Бухгалтер,16,+7 (455) 259-88-10
387,Иларион,Котова,Дерматолог,3,8 703 819 54 51
388,Тамара,Копылова,Антрополог,9,8 (953) 647-3273
389,Антип,Брагин,Инженер-строитель,19,8 (988) 671-5260
390,Евстафий,Овчинников,Диверсант,7,8 496 194 75 41
391,Кузьма,Шашкова,Животновод,17,+7 455 176 4258
392,Евдокия,Голубев,Ортопед,18,+7 517 505 4645
393,Святополк,Суворова,Гомеопат,17,8 (035) 746-6255
394,Евстафий,Бурова,Диетолог,8,+7 252 007 01 62
395,Устин,Субботин,Логопед,5,82451485912
396,Адриан,Константинова,Военный консультант,4,+72731983535
397,Наталья,Евдокимов,Парикмахер,7,8 865 671 9824
398,Ким,Воронцов,Швея,11,8 459 933 4563
399,Харитон,Савельев,Монтажник радиоэлект,11,8 540 738 58 03
400,Петр,Павлова,Военнослужащий,2,+7 650 458 1396
401,Елизавета,Мартынова,Диджей,2,84882932438
402,Любовь,Ситников,Повар,20,8 (215) 844-17-42
403,Зиновий,Никитина,Ректор,9,83762212546
404,Валерия,Шубина,Секретчик,18,8 498 997 3254
405,Платон,Аксенова,Териолог,12,+7 (223) 347-6427
406,Елизар,Жданов,Стилист,8,+7 (907) 843-4522
407,Нонна,Комиссаров,Повар,14,+7 563 579 4987
408,Пелагея,Медведева,Критик,15,8 (191) 972-7690
409,Митофан,Ефимов,Слесарь-механик,15,+7 (091) 139-64-62
410,Карл,Петухов,Генетик,16,8 136 306 8041
411,Алексей,Селиверстова,Релайтер,18,+7 415 140 54 60
412,Клавдий,Герасимов,Военно-полевой хирур,12,+79153575724
413,Онуфрий,Кузьмин,Кондитер,14,8 434 295 3323
414,Прокл,Исакова,Кинолог,4,+71799796169
415,Дементий,Бирюков,Операционист,16,+7 077 650 52 59
416,Ольга,Щукин,Менеджер по работе с,9,+7 (392) 506-40-07
417,Агата,Тимофеев,Начальник военного о,14,86629942602
418,Матвей,Бобров,Бортинженер,20,89951044335
419,Селиверст,Бирюкова,Ветеринар,15,8 249 907 69 96
420,Христофор,Карпова,Авиационный техник,1,+7 680 095 9424
421,Эммануил,Веселов,Техник,12,+7 884 270 4590
422,Лукия,Лобанова,Татуировщик,14,8 843 237 9723
423,Анжелика,Миронов,Проректор,13,+7 425 971 8603
424,Терентий,Капустин,Композитор,19,+7 237 761 4070
425,Милован,Моисеев,Пластический хирург,16,8 (973) 328-3947
426,Анисим,Логинова,Астрофизик,11,8 948 839 4796
427,Татьяна,Корнилова,Экономист,8,8 124 754 39 94
428,Поликарп,Гущин,Релайтер,19,8 529 907 03 08
429,Евстигней,Казакова,Кинорежиссер,15,8 245 061 8484
430,Корнил,Доронина,Психиатр,17,+70426560203
431,Ипполит,Гришина,Библиотековед,9,+7 (580) 103-4706
432,Сила,Куликов,Географ,6,8 (049) 534-70-37
433,Руслан,Мамонтов,Реаниматолог,10,+7 (923) 469-59-43
434,Нонна,Вишнякова,Гомеопат,6,+7 (239) 045-6419
435,Ерофей,Васильева,Пекарь,9,+74639066153
436,Вадим,Бобылева,Финансист,19,+7 (087) 779-21-82
437,Татьяна,Красильникова,Мерчандайзер,17,8 687 662 1332
438,Авксентий,Шестаков,Радист,15,86909862735
439,Всеслав,Ковалев,Дизайнер-конструктор,7,+77175454711
440,Рубен,Попова,Менеджер по работе с,19,+7 281 882 07 59
441,Бажен,Ларионова,Старшина,5,+78926972435
442,Адриан,Ширяева,Переплётчик,5,+7 112 786 4166
443,Юлий,Шарапова,Историк,2,82240751624
444,Ратмир,Федотова,Диверсант,18,87613355860
445,Ипполит,Герасимов,Сыровар,17,+7 382 921 11 48
446,Федор,Князева,Инженер-строитель,16,8 (638) 948-23-82
447,Никита,Жданова,Египтолог,14,+77141483597
448,Панкратий,Ермаков,Горничная,16,+7 710 622 3000
449,Сидор,Ситникова,Дефектолог,14,8 (244) 072-9222
450,Евгения,Орехов,Мусорщик,16,+7 518 534 58 91
451,Аполлон,Карпов,Горничная,10,+7 (545) 631-0208
452,Фрол,Михеев,Звукорежиссёр,11,+71123903176
453,Радован,Маслов,Археолог,14,+71511558885
454,Епифан,Гордеев,Патологоанатом,13,87587800924
455,Тит,Гущина,Кинооператор,12,+7 667 549 8000
456,Карл,Мишина,Криптозоолог,9,8 916 661 08 42
457,Филимон,Силина,Животновод,15,+7 (530) 924-75-31
458,Семен,Соловьев,Каменотёс,14,+7 084 441 7888
459,Федор,Власова,Грейдерист,7,+75145318029
460,Болеслав,Морозов,Генетик,11,+7 761 379 2591
461,Изот,Никонов,Геолог,8,+7 (931) 710-02-46
462,Фёкла,Котова,Радиолог,10,+7 (251) 547-5408
463,Денис,Савин,Спортивный врач,6,+7 552 229 46 29
464,Викентий,Кириллова,Журналист,19,+78380821878
465,Степан,Родионов,Повар,17,+72262685096
466,Модест,Лазарева,Эндоскопист,20,8 (553) 359-84-58
467,Рубен,Авдеев,Футуролог,11,8 (820) 217-85-86
468,Лариса,Никонова,Брейдер,19,+7 (448) 045-45-46
469,Александр,Сидоров,Кавалерист,13,+7 (759) 957-7442
470,Ким,Матвеева,Антрополог,10,89730452270
471,Казимир,Силина,Шифровальщик,19,+7 (055) 225-15-16
472,Семен,Пестова,Слесарь,11,8 139 998 2165
473,Гордей,Воробьева,Гример,5,+77382730226
474,Максим,Щербакова,Звукорежиссёр,6,+78671869091
475,Никита,Селезнев,Медицинская сестра,20,+79896921907
476,Савватий,Суворова,Инженер-взрывотехник,20,+72455953463
477,Михаил,Брагина,Спортивный врач,6,+72641141584
478,Епифан,Субботина,Актуарий,1,8 513 916 33 41
479,Касьян,Шарова,Метеоролог,19,+7 (179) 923-7131
480,Гремислав,Фокина,Грейдерист,11,+7 363 616 37 40
481,Галактион,Фомичева,Поэт,20,+7 400 792 57 60
482,Леонид,Сафонова,Геолог,3,+7 919 490 78 69
483,Пантелеймон,Турова,Дипломат,17,8 089 160 85 98
484,Пахом,Фролова,Веб-интегратор,2,+7 192 184 02 19
485,Святослав,Сидоров,Тальман,9,+73582735050
486,Никандр,Колобова,Сборщик,4,8 (771) 284-21-80
487,Эмиль,Рябов,Тракторист,19,+73889513530
488,Агата,Брагина,Коммерческий директо,2,+7 445 014 2500
489,Александра,Назаров,Кардиохирург,5,+7 201 974 5015
490,Гаврила,Павлова,Полицейский,15,+7 086 400 4954
491,Мокей,Кононова,Мастер педикюра,20,+7 (229) 202-99-88
492,Селиверст,Сысоева,Хлопокороб,10,8 (884) 989-56-41
493,Карп,Исакова,Библиотековед,9,+7 255 599 5755
494,Самсон,Суворова,Художник по свету,10,+7 (774) 268-3606
495,Карл,Воробьев,Астрохимик,5,+79498534059
496,Богдан,Суханов,Балерина,16,85672316521
497,Афанасий,Медведев,Физиотерапевт,6,+7 939 222 70 79
498,Спартак,Молчанова,Интендант,5,82968111993
499,Панкрат,Карпов,Психолог,3,88928356636
500,Мирон,Шестакова,Начальник военного о,1,8 (517) 477-87-55
501,Моисей,Савельева,Физиотерапевт,10,+7 (085) 779-1924
502,Федор,Фомичева,Начальник склада,6,8 (864) 503-18-38
503,Денис,Шашкова,Ревматолог,9,82632161558
504,Вера,Капустина,Кондитер,3,8 (941) 362-22-84
505,Митофан,Веселова,Таможенник,7,8 739 048 34 59
506,Евстигней,Григорьев,Коневод,20,+75480592069
507,Епифан,Шарапов,Машинист,4,+79403335734
508,Мина,Морозова,Капитан судна,18,+7 (705) 822-16-99
509,Макар,Большакова,Вокалист,9,8 (996) 190-2470
510,Дарья,Федотова,Топограф,18,88087059242
511,Артем,Пестов,Терапевт,3,8 (761) 561-3849
512,Раиса,Авдеев,Астроном,15,+7 186 998 6064
513,Демид,Цветкова,Скорняк,16,8 858 835 05 71
514,Александра,Комарова,Педиатр,20,+7 881 311 2969
515,Владимир,Егорова,Бортпроводник/стюард,3,+7 (358) 136-3577
516,Михаил,Ефимов,Телемастер,14,+7 (609) 810-14-15
517,Светозар,Белов,Секретчик,18,84803883704
518,Феофан,Медведева,Верстальщик,15,8 (601) 522-4272
519,Эмиль,Моисеев,Бондарь,9,+7 (390) 362-1836
520,Феликс,Никонова,Штукатур,19,+7 (614) 393-0997
521,Оксана,Ефремов,Кинооператор,15,+7 468 777 28 12
522,Пров,Костина,Иллюстратор,19,8 935 146 14 93
523,Данила,Дмитриева,Юрисконсульт,11,+7 669 932 4251
524,Назар,Мясников,Монтажник радиоэлект,16,+7 (163) 942-38-24
525,Анисим,Тихонов,Стрелок,13,+76556470887
526,Ярополк,Шилов,Официант,17,+7 (959) 612-27-19
527,Эмилия,Яковлев,Борт-инженер,3,+7 (014) 637-0016
528,Афанасий,Лапин,Коммерческий директо,1,+75085166291
529,Ярослав,Кулакова,Столяр,19,+7 (904) 232-1088
530,Будимир,Лобанова,Водолаз,6,8 (129) 141-4999
531,Каллистрат,Анисимова,Врач функциональной ,10,82489918253
532,Ульян,Зимин,Инженер-лаборант,7,87285693136
533,Лучезар,Брагин,Следователь,3,+7 874 887 71 36
534,Леонтий,Петухова,Декоратор,3,+77405493603
535,Азарий,Харитонов,Донкерман,10,+7 (151) 087-6774
536,Фортунат,Сидоров,Лифтёр,18,8 655 403 32 37
537,Евграф,Никонов,Техник,20,8 255 087 31 87
538,Алина,Нестерова,Офтальмолог,3,86051183890
539,Никандр,Матвеев,Моторист,7,+7 421 834 0514
540,Эмиль,Исакова,Военно-полевой хирур,6,8 584 194 5791
541,Платон,Мельников,Программист,13,8 188 456 57 91
542,Олимпий,Калинина,Ботаник,16,84190240344
543,Антонин,Фомичев,Повар,13,+7 (515) 474-5278
544,Ипполит,Борисов,Фотомодель,10,+76386342421
545,Дарья,Горбачев,Доярка,12,+74945810102
546,Владилен,Белозерова,Веб-мастер,9,8 (543) 426-8715
547,Олимпиада,Морозова,Эпидемиолог,9,+7 (658) 596-76-02
548,Август,Данилова,Командир,13,+70637467526
549,Владлен,Комаров,Футуролог,16,8 462 880 32 59
550,Доброслав,Крюкова,Организатор свадеб,12,+7 (928) 215-9690
551,Денис,Овчинникова,Трейдер,6,+7 958 247 9754
552,Эрнест,Пестова,Космонавт,18,8 600 669 0007
553,Эдуард,Шаров,Поэт,11,8 (543) 596-75-95
554,Осип,Зиновьев,Логик,14,8 (307) 910-89-62
555,Екатерина,Абрамов,Радист,2,+7 (526) 051-6376
556,Влас,Федорова,Портье,17,+7 738 588 0734
557,Фадей,Самойлова,Брокер,11,+7 147 759 2666
558,Осип,Муравьев,Биоинженер,16,+7 (814) 028-0448
559,Милица,Веселов,Экспедитор,4,+78928444696
560,Мина,Якушев,Гастроэнтеролог,10,8 796 885 1168
561,Артемий,Харитонов,Гематолог,15,88898770666
562,Авксентий,Бирюков,Пастух,5,8 659 588 60 80
563,Михаил,Щербакова,Мастер педикюра,11,+79223332351
564,Твердислав,Исаков,Инженер-физик,15,+7 458 282 8672
565,Ладислав,Захарова,Модельер,9,83467694006
566,Бажен,Трофимова,Строитель,11,+7 775 840 4405
567,Януарий,Уварова,Патологоанатом,2,8 494 612 80 25
568,Иларион,Ефремов,Релайтер,6,80637574296
569,Фирс,Романова,Лоцман,9,8 (099) 988-3770
570,Родион,Шубина,Военный судья,7,8 (164) 964-1820
571,Федор,Ермакова,Растениевод,20,8 (432) 908-1692
572,Станислав,Евсеева,Ревматолог,8,+78123060594
573,Глеб,Третьякова,Лифтёр,7,8 (173) 697-76-06
574,Севастьян,Беспалова,Пчеловод,19,8 (110) 550-0116
575,Евгения,Калинина,Гитарист,7,8 732 241 9476
576,Велимир,Кононова,Эколог,20,8 (626) 798-08-14
577,Пров,Горбачев,Электрик,16,+7 (657) 913-0995
578,Леон,Устинов,Инкассатор,7,83850076431
579,Евфросиния,Меркушева,Ювелир,13,+7 (318) 066-69-49
580,Куприян,Власова,Бульдозерист,13,+7 (995) 892-52-44
581,Владислав,Гусева,Военный переводчик,5,+7 (336) 175-8564
582,Анжелика,Третьякова,Инженер-механик,13,8 161 251 6595
583,Пантелеймон,Петухова,Артиллерист,14,+7 (325) 261-1506
584,Артем,Одинцова,Горняк,11,8 (483) 481-84-76
585,Наум,Шилов,Диетолог,20,+7 (476) 440-83-10
586,Вениамин,Моисеев,Химик,20,+73564417016
587,Алина,Громов,Рефлексотерапевт,11,8 (407) 482-0473
588,Мария,Яковлева,Монтажник радиоэлект,16,81892025874
589,Евпраксия,Мамонтов,Диспетчер,12,8 (432) 313-7000
590,Анжелика,Бирюкова,Нотариус,17,+7 234 791 65 49
591,Мирослав,Доронин,Брейдер,17,8 (029) 514-1197
592,Автоном,Беспалова,Воспитатель,12,8 (311) 787-40-92
593,Евграф,Колесникова,Шлифовщик,10,+7 204 623 6846
594,Аггей,Кабанова,Метранпаж,19,8 (454) 228-9999
595,Вячеслав,Русаков,Дизайнер-конструктор,18,+7 (841) 818-6011
596,Аникей,Филатов,Гепатолог,12,87829469489
597,Карл,Карпова,Штукатур,9,+7 (958) 598-8010
598,Лукия,Овчинникова,Парфюмер,11,+71697284503
599,Серафим,Рогов,Токарь,1,8 (089) 364-4704
600,Леонтий,Коновалова,Маркшейдер,10,+7 489 481 1493
601,Всеволод,Максимов,Географ,6,+7 (922) 634-5013
602,Тимур,Иванов,Кардиохирург,10,+7 023 873 55 29
603,Агафья,Фомин,Швейцар,14,87666392044
604,Алина,Артемьева,Таксист,2,+7 (067) 029-1573
605,Ярослав,Моисеева,Горнострелок,18,+7 911 378 06 38
606,Влас,Зиновьева,Артиллерист,15,8 004 477 1657
607,Радим,Кононов,Табаковод,9,8 (677) 611-84-80
608,Геннадий,Максимова,Слесарь,18,+72839465187
609,Игнатий,Лобанова,Ихтиолог,3,80412160641
610,Владилен,Евсеева,Химик-аналитик,15,8 335 998 6438
611,Будимир,Гришина,Химик-контролер,2,86067876075
612,Юлий,Смирнова,Скотник,17,+79307771206
613,Капитон,Харитонов,Сурдопедагог,7,+7 072 795 6433
614,Елизар,Фадеев,Бактериолог,10,8 (979) 240-2205
615,Парфен,Тарасова,Продавец,20,+72419564412
616,Нинель,Бирюков,Бульдозерист,7,+7 298 483 1361
617,Евстафий,Лыткин,Рентгенолог,19,8 671 307 7118
618,Аггей,Федоров,Психолог,17,+7 969 563 09 81
619,Ананий,Маркова,Сиделка,6,+7 (196) 549-50-13
620,Варвара,Блинов,Бармен,9,8 498 351 25 61
621,Дмитрий,Шилова,Химик-контролер,2,+7 (872) 520-59-22
622,Юрий,Русаков,Мелиоратор,14,+78109330247
623,Мечислав,Зайцева,Переводчик,16,81520550438
624,Алла,Ларионов,Операционист,13,8 259 340 17 17
625,Святополк,Волкова,Бульдозерист,5,8 (232) 036-14-19
626,Амос,Фадеев,Специалист по клеточ,17,+7 622 977 38 45
627,Алла,Савельев,Гидролог,9,8 (938) 652-24-08
628,Виктория,Елисеев,Терапевт,16,8 894 776 5211
629,Александра,Шестакова,Онколог,2,+7 482 036 66 20
630,Анатолий,Исакова,Фермер,13,+76597490222
631,Викентий,Гришин,Уборщик,17,8 594 508 6653
632,Силантий,Исаков,Оториноларинголог,4,8 361 209 65 83
633,Максим,Панфилова,Рефлексотерапевт,17,84030521078
634,Агата,Горбачев,Работник органов ЗАГ,8,8 919 639 85 65
635,Остап,Кулаков,Метранпаж,15,8 320 831 23 51
636,Дарья,Нестерова,Воспитатель,7,+7 (499) 383-03-81
637,Арсений,Горшкова,Инженер-электрик,20,+7 (081) 043-7511
638,Эрнст,Колесникова,Военный переводчик,13,83951383198
639,Ермолай,Филиппов,Сурдолог,2,8 993 753 6416
640,Денис,Ширяева,Борт-стрелок,5,+7 739 160 0787
641,Лаврентий,Козлова,Археолог,8,+7 451 880 2386
642,Парфен,Степанова,Миколог,17,+7 446 556 0569
643,Валентин,Шарапова,Педагог,6,+7 (537) 360-1003
644,Станислав,Киселева,Каменотёс,14,8 725 986 3399
645,Филарет,Субботин,Гомеопат,1,+7 897 853 5875
646,Иван,Королев,Рентгенолог,6,8 (478) 071-4885
647,Рюрик,Лобанова,Телефонист,19,+7 (435) 006-4627
648,Арефий,Власова,Сценарист,13,+7 (281) 920-6208
649,Валерьян,Потапов,Плиточник,17,88484405666
650,Никита,Красильникова,Биофизик,6,8 339 075 43 50
651,Август,Сидоров,Садовник,20,8 (516) 792-43-11
652,Селиверст,Герасимов,Гирудотерапевт,7,+7 905 502 9700
653,Флорентин,Ефремов,Бармен,17,8 (915) 129-73-52
654,Парамон,Яковлев,Каскадёр,10,8 (384) 718-3216
655,Антонин,Фадеева,Уролог,3,84353305639
656,Антонин,Артемьева,Дипломат,7,8 (225) 865-75-66
657,Устин,Нестерова,Ракетчик,19,84729465146
658,Леонтий,Ершов,Травматолог,3,+7 782 538 37 08
659,Афиноген,Матвеева,Иммунолог,9,8 (648) 538-28-14
660,Борислав,Кулагин,Монтажник,19,+7 647 806 4038
661,Анна,Щербаков,Тальман,8,+7 (965) 904-7466
662,Ермил,Кондратьева,Химик-контролер,16,+7 (984) 285-48-95
663,Бажен,Афанасьев,Артист цирка,10,+7 (270) 212-0965
664,Фадей,Щербакова,Семейный врач,11,8 671 089 8934
665,Ольга,Самсонов,Химик,10,8 263 948 21 33
666,Иван,Денисова,Балетмейстер,18,+7 850 955 89 53
667,Авксентий,Шарова,Манекенщица,4,+7 321 343 6908
668,Татьяна,Коновалов,Переводчик,5,+7 (454) 235-9633
669,Никифор,Одинцов,Медицинская сестра,14,87761307157
670,Никита,Тимофеев,Военно-полевой хирур,10,+7 (805) 837-48-49
671,Виктор,Дмитриев,Биоинженер,13,+7 (441) 082-26-68
672,Владислав,Рябов,Эндокринолог,2,8 651 871 27 48
673,Остромир,Гурьева,Бортинженер,5,8 (021) 619-8767
674,Зиновий,Горбачева,Эфферентолог,18,+7 (204) 578-97-88
675,Варфоломей,Жданов,Терапевт,5,83354625863
676,Вячеслав,Николаев,Пчеловод,6,+7 458 867 0623
677,Амос,Колесникова,Шорник,8,+7 (294) 886-07-76
678,Харитон,Некрасов,Радист,11,+7 053 962 8826
679,Дорофей,Мельников,Литейщик,12,80765976963
680,Иннокентий,Новикова,Автоэлектрик,13,86293331337
681,Алевтина,Калашников,Плотник,18,8 040 458 3797
682,Эраст,Кузнецов,Инженер-гидравлик,9,8 (864) 514-74-19
683,Митофан,Фомичев,Промышленный альпини,6,8 (406) 425-50-44
684,Мариан,Соболева,Подводник,5,89999316494
685,Николай,Селезнева,Веб-интегратор,8,8 402 550 3149
686,Яков,Блинова,Бондарь,8,8 364 180 6765
687,Леон,Ильин,Татуировщик,6,8 764 852 9856
688,Демид,Самойлова,Звукорежиссёр,6,+7 461 956 6014
689,Анжела,Мишина,Кардиохирург,16,+7 410 458 89 37
690,Лев,Федотова,Полицейский,16,+7 183 092 62 51
691,Варвара,Рябова,Лаборант,18,+7 (562) 181-9404
692,Епифан,Евсеева,Огнемётчик,8,+7 236 540 37 45
693,Радим,Соболева,Инженер-технолог,10,+7 321 223 17 88
694,Назар,Блохин,Слесарь,10,+7 (093) 929-88-82
695,Устин,Кошелева,Инженер-строитель,2,+72133107961
696,Викторин,Назаров,Эндокринолог,2,8 (586) 255-18-96
697,Ипатий,Волков,Фортификатор,6,+7 (865) 853-8242
698,Ермолай,Васильева,Инфекционист,16,+7 833 298 00 40
699,Симон,Боброва,Булочник,10,+79196273717
700,Трофим,Моисеева,Историк,1,+7 (939) 000-7111
701,Мокей,Бобылев,Гинеколог,10,8 (793) 174-85-64
702,Панкрат,Александрова,Борт-инженер,5,8 (648) 482-08-94
703,Януарий,Зайцева,Няня,18,8 388 165 68 34
704,Ювеналий,Костин,Коневод,4,+7 954 856 29 22
705,Яков,Ефремов,Учёный,16,+7 (365) 297-0725
706,Татьяна,Уваров,Администратор базы д,18,89798257315
707,Порфирий,Константинова,Фальцовщик,7,8 (381) 483-43-92
708,Фортунат,Юдин,Медник,11,8 873 811 43 96
709,Ферапонт,Турова,Кодер,14,8 (795) 150-4226
710,Виктор,Гуляева,Металлург,9,+79906113528
711,Агафон,Белоусов,Сборщик,7,+7 (111) 983-0306
712,Азарий,Баранов,Инженер-электрик,15,89150177339
713,Марина,Третьякова,Крупье,10,+7 199 105 8025
714,Капитон,Пахомова,Лингвист,16,+7 129 259 03 16
715,Кир,Власова,Метеоролог,9,8 (990) 907-83-14
716,Юрий,Ильин,Операционист,5,+77938617513
717,Ладислав,Мишин,Доула,3,8 700 124 0307
718,Игнатий,Евсеев,Контент-менеджер,20,8 345 076 0919
719,Мария,Исакова,Невропатолог,12,+76099493506
720,Лидия,Козлов,Веб-интегратор,10,83790388839
721,Христофор,Пестова,Критик,9,8 (131) 000-06-91
722,Вениамин,Пестова,Инженер-системотехни,13,+7 024 222 23 17
723,Ираклий,Доронин,Мастер педикюра,4,+7 415 811 0167
724,Клавдия,Гурьев,Корректор,3,+7 (560) 229-3588
725,Якуб,Федотов,Сыровар,16,+7 (739) 299-6083
726,Адриан,Мухина,Автослесарь,13,8 (818) 970-0707
727,Кондрат,Самойлова,Химик,12,+7 (545) 126-8831
728,Арсений,Ковалев,Фрезеровщик,8,8 624 708 27 77
729,Герасим,Самсонов,Мусорщик,10,8 036 257 8301
730,Макар,Медведева,Расточник,10,+74070903843
731,Олег,Дементьева,Священнослужитель,15,88750822331
732,Сократ,Антонова,Художник по свету,5,+7 (571) 999-0777
733,Маргарита,Овчинников,Водолаз,5,8 (774) 738-3279
734,Виктор,Богданов,Киномеханик,6,+7 194 433 1504
735,Агап,Полякова,Автогонщик,14,84386630889
736,Трифон,Голубев,Врач УЗ-диагностики,11,8 (049) 069-86-66
737,Тимофей,Лазарев,Шахтёр,13,+7 220 417 33 67
738,Любомир,Жданов,Фотомодель,16,8 541 466 5757
739,Михей,Боброва,Кок,10,8 337 324 3966
740,Варлаам,Коновалов,Капитан судна,17,+7 909 262 0676
741,Кирилл,Жданов,Художник по свету,1,86707993998
742,Артем,Евдокимов,Веб-мастер,4,81834650237
743,Евлампий,Потапова,Имиджмейкер,17,+75791836473
744,Савва,Блохина,Месильщик,1,8 805 556 26 71
745,Лукьян,Одинцов,Военный юрист,19,8 849 393 00 32
746,Фирс,Харитонова,Маркитант,6,8 735 217 1860
747,Никифор,Нестеров,Космонавт,14,8 (033) 371-18-13
748,Федот,Родионов,Инженер,6,+79303623806
749,Радим,Маслова,Кинолог,14,+7 428 635 8875
750,Феврония,Котова,Штукатур,1,84514437369
751,Алина,Егорова,Звукорежиссёр,19,+79933936854
752,Матвей,Харитонова,Геодезист,1,8 796 047 78 75
753,Валерия,Григорьев,Гренадер,18,+7 748 435 5290
754,Иннокентий,Громов,Военный полицейский,8,8 (686) 910-53-60
755,Гаврила,Шубина,Воспитатель,4,+74875934104
756,Ефрем,Коновалова,Фтизиатр,7,+75850813297
757,Любомир,Аксенов,Военный судья,8,8 438 244 18 25
758,Капитон,Муравьев,Технолог,18,+70812339709
759,Ирина,Костин,Экспедитор на дальни,18,83802690082
760,Зоя,Силин,Кинолог,16,+7 (349) 815-8568
761,Вера,Суворов,Дирижёр,15,8 068 709 9142
762,Иванна,Кудрявцева,Лоцман,9,+7 (217) 408-8364
763,Родион,Некрасова,Безработный,2,+7 784 769 14 14
764,Валерия,Третьякова,Архивариус,6,8 (426) 894-3937
765,Феврония,Дорофеева,Программист,7,8 (719) 645-1288
766,Любосмысл,Беспалова,Финансист,6,+7 (055) 219-78-68
767,Наталья,Маслова,Аккумуляторщик,20,+7 844 520 56 20
768,Герасим,Беляева,Художник по свету,4,+7 658 985 9376
769,Эдуард,Гуляева,Оператор вооружения,7,8 (598) 518-03-49
770,Митофан,Рогов,Актуарий,14,8 (370) 919-4456
771,Аристарх,Жукова,Диспетчер,16,8 (300) 459-3711
772,Степан,Лобанов,Кондуктор,15,8 (663) 773-2746
773,Валерия,Горбунова,Футуролог,13,8 (894) 908-7167
774,Фока,Морозов,Детектив,17,8 (687) 162-0293
775,Мартьян,Сорокина,Нефролог,16,+76118037761
776,Вацлав,Гущин,Метрдотель,17,8 (520) 782-7748
777,Акулина,Третьяков,Гинеколог,10,+7 042 889 6966
778,Владлен,Мишина,Флорист,20,8 648 938 61 28
779,Силантий,Мамонтова,Грейдерист,20,+7 (097) 865-4486
780,Будимир,Васильев,Териолог,19,8 867 350 8835
781,Евдоким,Лебедева,Метрдотель,12,81217660972
782,Леон,Шарапова,Палеонтолог,11,+74996446851
783,Архип,Самсонова,Модель,14,+7 249 827 9076
784,Эраст,Капустина,Переводчик,3,8 (085) 213-5580
785,Никифор,Миронова,Заточник,10,+7 413 576 9521
786,Валерия,Комиссаров,Философ,2,+76363401640
787,Герман,Суворов,Токарь-карусельщик,2,8 (844) 932-97-95
788,Наталья,Лыткина,Художник,15,8 (663) 920-23-62
789,Федор,Муравьев,Ортопед,17,8 035 054 56 51
790,Марк,Ковалева,Диспетчер,9,+7 (876) 765-5519
791,Ян,Белоусова,Парикмахер,15,8 (257) 395-33-00
792,Аникей,Белов,Официант,4,8 (905) 406-39-14
793,Антонин,Ершов,Шахтёр,17,+7 (129) 048-50-31
794,Евпраксия,Колесников,Военный судья,10,+7 (605) 557-92-50
795,Федор,Медведева,Шахтёр,14,+7 (689) 133-84-09
796,Артемий,Игнатьева,Ортопед,12,8 087 398 65 35
797,Самуил,Ершов,Виноградарь,12,8 743 124 65 63
798,Авксентий,Зайцева,Начальник склада,14,8 (034) 074-24-02
799,Евдокия,Никитина,Табунщик,7,+75264914050
800,Аким,Лыткин,Нотариус,5,8 981 006 18 50
801,Добромысл,Соколова,Метеоролог,11,+78145310120
802,Ратмир,Турова,Шифровальщик,3,83418463478
803,Ульяна,Тимофеев,Философ,16,8 320 840 4157
804,Венедикт,Белозеров,Фтизиатр,9,8 266 921 64 06
805,Аггей,Афанасьева,Военный прокурор,13,+76970572281
806,Юлия,Виноградов,Кинолог,5,84877990139
807,Александра,Галкин,Горничная,1,8 842 129 1716
808,Богдан,Панова,Страховой агент,13,+7 811 093 69 11
809,Исай,Новиков,Логопед,1,+7 (189) 030-77-85
810,Порфирий,Дементьева,Генетик,1,+7 (801) 966-0568
811,Тит,Ермакова,Флеболог,5,8 197 221 0682
812,Антонина,Кабанова,Десантник,14,86349888910
813,Максимильян,Елисеев,Слесарь,3,+7 (590) 321-85-02
814,Соломон,Михайлова,Робототехник,12,+70215252624
815,Лидия,Сысоев,Радиотелефонист,16,86400644316
816,Эрнст,Кошелев,Лингвист,19,+7 (377) 063-13-68
817,Павел,Комаров,Оператор РЛС,14,8 (386) 656-8055
818,Семен,Гущина,Пульмонолог,1,8 492 892 2169
819,Любосмысл,Родионова,Кодер,16,8 (812) 296-0262
820,Афанасий,Одинцов,Артист цирка,14,8 (170) 609-17-66
821,Касьян,Агафонова,Балерина,13,+7 269 317 2764
822,Гурий,Терентьев,Военно-полевой хирур,1,8 491 920 47 56
823,Лучезар,Горбунова,Военный юрист,13,8 089 818 1448
824,Касьян,Гришина,Инженер-акустик,17,8 767 315 71 10
825,Никодим,Лазарева,Палеонтолог,20,+72160163819
826,Алла,Шарапова,Стрелочник,5,+7 135 032 6682
827,Степан,Ковалева,Таксист,1,+7 (240) 827-0263
828,Евдокия,Бобров,Онколог,5,+72801717116
829,Денис,Турова,Спортивный врач,15,8 (285) 020-6787
830,Казимир,Копылова,Предприниматель,15,+7 664 675 0201
831,Всемил,Белова,Повар,3,+7 081 824 11 14
832,Якуб,Ермаков,Невропатолог,2,80583397726
833,Климент,Андреева,Комендант,18,8 694 067 85 50
834,Мокей,Корнилова,Фортификатор,15,+7 (278) 121-86-93
835,Дарья,Рогова,Художник,12,84839890821
836,Петр,Аксенов,Топограф,1,+7 445 937 09 51
837,Филимон,Белоусов,Телемастер,20,+7 907 189 25 64
838,Ян,Гуляев,Таможенник,18,+7 227 838 07 60
839,Платон,Устинов,Пластический хирург,5,+7 (153) 996-8064
840,Прокл,Кириллова,Архитектор,15,+76715395573
841,Ираида,Рогова,Ихтиолог,4,+7 786 123 07 61
842,Евсей,Зимин,Специалист по стрижк,3,+7 (222) 475-1675
843,Екатерина,Носкова,Таможенник,18,+7 (283) 518-3277
844,Федот,Антонов,Сомелье,20,80912878986
845,Кондрат,Павлов,Диверсант,18,+74285001557
846,Филарет,Кононова,Теолог,16,+7 (008) 195-6695
847,Синклитикия,Щукин,Прозектор,11,+7 409 011 9669
848,Елисей,Михайлова,Водитель,14,+75254544448
849,Венедикт,Щербаков,Доярка,8,+7 868 719 4195
850,Лучезар,Лазарева,Андролог,5,8 269 323 9235
851,Терентий,Журавлева,Кок,19,+7 478 690 23 39
852,Спартак,Шубина,Авиационный техник,20,+78817447008
853,Казимир,Терентьева,Портье,19,+77363042709
854,Валентин,Матвеева,Эфферентолог,14,8 (733) 794-2153
855,Юрий,Кудрявцев,Мастер педикюра,1,+71396883540
856,Анна,Никитин,Воспитатель,4,8 572 384 0886
857,Елисей,Харитонова,Финансист,8,8 (891) 101-2305
858,Мир,Селезнева,Особист,9,8 178 230 7295
859,Сильвестр,Якушев,Педагог,18,+7 150 620 28 82
860,Екатерина,Дементьев,Мерчандайзер,13,8 041 736 8188
861,Ипат,Гордеева,Токарь,1,+79679163689
862,Сергей,Никонов,Эксперт-криминалист,14,8 763 963 90 32
863,Парфен,Веселова,Эпидемиолог,11,8 (247) 963-7142
864,Лазарь,Ефимов,Хлопокороб,15,+7 (584) 995-84-15
865,Виктория,Ефремов,Кассир,17,+74013849638
866,Иванна,Белоусов,Гематолог,2,+77207523407
867,Севастьян,Красильникова,Бондарь,4,8 475 557 5220
868,Галактион,Борисова,Танкист,15,8 (570) 141-21-44
869,Влас,Субботина,Начальник военного о,3,+7 786 788 11 96
870,Валерьян,Овчинников,Канонир,16,+7 113 790 79 96
871,Пимен,Крылова,Продавец,14,+7 (934) 203-73-80
872,Владислав,Архипова,Заряжающий,20,+7 (566) 551-1502
873,Станимир,Дмитриев,Кузнец,20,86026977727
874,Таисия,Сергеева,Военнослужащий,19,+7 629 852 5755
875,Автоном,Субботин,Фермер,15,80001122572
876,Степан,Казакова,Ботаник,3,8 683 092 2584
877,Клавдий,Анисимова,Бухгалтер,10,+7 472 960 67 91
878,Кир,Исаев,Диктор,4,+71032986525
879,Парфен,Белоусов,Радист,6,+76915164250
880,Лукьян,Абрамов,Телохранитель,19,8 195 667 71 96
881,Прасковья,Тетерина,Плотник,17,8 (331) 641-44-69
882,Лонгин,Гаврилов,Продавец,18,+7 (411) 033-1343
883,Феликс,Одинцов,Актёр,9,+7 (497) 428-26-32
884,Иларион,Кузьмин,Маркетолог,4,8 722 691 73 77
885,Гаврила,Шубин,Военный судья,5,86218621095
886,Мстислав,Мельников,Манекенщица,15,+7 968 722 78 33
887,Тит,Пестова,Тюремный надзиратель,13,81276376604
888,Давыд,Сафонова,Химик-технолог,10,+7 129 343 7900
889,Ираклий,Устинова,Химик-технолог,20,+7 (066) 568-52-40
890,Серафим,Бирюков,Маляр,3,+7 177 063 6676
891,Евдоким,Беляева,Коммерческий директо,6,8 (511) 919-9684
892,Мирон,Агафонова,Футуролог,10,+7 (406) 088-90-26
893,Соломон,Якушева,Швея,13,8 (262) 426-67-56
894,Федот,Кондратьева,Специалист по стрижк,18,+77813958863
895,Алина,Фадеев,Горняк,6,+7 (651) 584-3947
896,Сильвестр,Филатова,Танкист,5,+7 (303) 628-6639
897,Евгений,Миронов,Педагог,11,8 719 018 0637
898,Татьяна,Шарапова,Начальник склада,6,8 (098) 957-8191
899,Иларион,Колобов,Веб-программист,18,+7 790 775 53 71
900,Андрон,Лебедева,Рихтовщик,13,8 (247) 588-78-76
901,Велимир,Федотова,Метранпаж,10,+70825291015
902,Гремислав,Журавлев,Травматолог,3,+7 804 125 5319
903,Кира,Котова,Финансист,17,8 070 950 5598
904,Мартын,Новикова,Семейный врач,6,8 (949) 963-64-82
905,Кира,Ковалев,Баталер,4,+78181496263
906,Ратибор,Гуляев,Лекальщик,8,8 (221) 938-2935
907,Твердислав,Потапова,Метрдотель,7,8 089 629 65 47
908,София,Кондратьева,Нейрохирург,3,+7 (092) 112-5502
909,Георгий,Волков,Морской пехотинец,4,+7 (169) 108-89-10
910,Платон,Фролова,Биоинженер,2,83526444377
911,Вячеслав,Чернов,Гепатолог,18,+7 (829) 371-6622
912,Стоян,Муравьева,Кок,13,8 (563) 719-8116
913,Илья,Петров,Фуражир,4,+7 411 419 02 41
914,Назар,Волков,Няня,8,+7 (767) 270-8992
915,Олимпиада,Королева,Инженер-гидравлик,3,8 (100) 573-11-65
916,Евгений,Дмитриев,Пулемётчик,8,8 825 777 33 36
917,Мокей,Исаева,Эксперт-криминалист,5,+7 (766) 981-7564
918,Изот,Кузнецов,Логопед,6,8 587 446 07 31
919,Якуб,Калашникова,Мельник,7,+7 (776) 522-9863
920,Боян,Мухина,Диспетчер,3,8 (794) 262-24-24
921,Яков,Щукин,Военно-полевой хирур,6,+7 (949) 593-91-38
922,Мина,Степанова,Квасник,13,8 (638) 472-9493
923,Мстислав,Белозеров,Штукатур,5,+7 398 039 1375
924,Артем,Потапова,Сексолог,5,+73932096485
925,Мефодий,Дмитриев,Горничная,6,+7 304 497 9746
926,Остап,Кудряшова,Радиолог,9,8 189 242 6926
927,Викентий,Егорова,Ортодонт,6,+7 063 037 56 74
928,Кондрат,Петухова,Режиссёр,14,8 018 258 31 06
929,Агап,Герасимов,Расточник,11,+7 969 008 8265
930,Всеслав,Миронова,Корректор,7,8 917 368 47 23
931,Феликс,Дроздова,Гранатомётчик,17,+75054930080
932,Евгения,Ширяев,Адвокат,14,+7 753 879 0600
933,Ладимир,Лихачева,Оператор кино и теле,15,8 714 343 07 88
934,Стоян,Сергеев,Маркшейдер,1,+7 (918) 741-3794
935,Светлана,Кошелева,Детектив,1,8 843 226 42 84
936,Андрон,Артемьева,Философ,13,+7 (765) 385-7834
937,Казимир,Горбунов,Инженер-механик,16,+7 513 129 70 27
938,Евграф,Сазонов,Антрополог,14,83415606362
939,Онуфрий,Устинова,Фотомодель,17,8 (831) 082-97-98
940,Твердислав,Самойлов,Нефролог,4,8 126 516 58 58
941,Платон,Кононова,Фтизиатр,6,+7 894 259 1721
942,Измаил,Ершова,Промышленный альпини,3,82449474798
943,Аполлон,Уваров,Юрисконсульт,16,8 (158) 736-0544
944,Милен,Ильин,Месильщик,19,8 994 277 8343
945,Спиридон,Полякова,Психотерапевт,15,8 (969) 935-92-40
946,Лаврентий,Фомин,Мотострелок,9,8 (781) 170-4305
947,Валерьян,Федосеева,Коневод,14,+7 970 279 6664
948,Ювеналий,Ширяев,Египтолог,2,8 (573) 389-67-32
949,Тимур,Денисова,Тестировщик,6,8 (005) 265-3534
950,Глеб,Афанасьева,Мусоропроводчик,20,8 (530) 125-12-40
951,Георгий,Молчанова,Инженер-системотехни,13,82393012871
952,Гурий,Виноградова,Географ,6,8 809 542 8867
953,Ярополк,Павлова,Кок,12,8 758 845 35 67
954,Пантелеймон,Брагина,Химик,2,8 (235) 721-50-23
955,Игорь,Никитина,Шкипер,19,8 (144) 686-6295
956,Савва,Жданов,Фтизиатр,12,+7 182 753 0163
957,Сила,Дроздов,Энтомолог,9,+7 253 033 92 46
958,Лазарь,Максимова,Химик-технолог,12,+77557161105
959,Назар,Афанасьева,Иммунолог,8,+7 623 269 5834
960,Герасим,Шашкова,Андролог,7,+7 732 656 6163
961,Феоктист,Мясников,Фальцовщик,10,+7 (629) 925-6527
962,Всемил,Лебедев,Кондитер,9,86163387941
963,Станимир,Лаврентьев,Артиллерист,5,8 (336) 452-5004
964,Евпраксия,Федосеев,Семейный врач,7,+7 188 720 3482
965,Нифонт,Лихачева,Декан,4,+7 396 769 72 11
966,Евфросиния,Захаров,Уборщик,11,+7 (995) 191-5774
967,Михей,Виноградова,Флеболог,9,+7 (514) 696-46-29
968,Кирилл,Федосеева,Химик-контролер,19,8 (879) 804-07-02
969,Болеслав,Кулагин,Модельер,7,+7 838 678 7070
970,Карл,Емельянов,Кардиолог,17,+74735319051
971,Игорь,Никифоров,Терапевт,12,88386024721
972,Пров,Гордеев,Продавец,20,8 (384) 165-55-95
973,Герасим,Волкова,Эксперт-криминалист,18,+70535214761
974,Константин,Емельянова,Жиловщик/Обвальщик,16,8 141 200 81 18
975,Марк,Савельева,Парфюмер,14,8 (019) 286-80-98
976,Фортунат,Ларионова,Фотограф,14,8 (585) 226-94-10
977,Кира,Игнатьева,Таможенник,19,+7 (281) 049-72-24
978,Аркадий,Чернова,Декоратор,20,+7 493 332 9825
979,Кир,Андреева,Таможенник,16,+7 489 845 5406
980,Любомир,Зуев,Воспитатель,8,+7 580 115 5050
981,Самуил,Ильина,Механизатор,13,+7 935 407 4305
982,Арефий,Харитонов,Фельдшер,20,82964425896
983,Якуб,Селиверстов,Генетик,7,87667341432
984,Ладимир,Рыбакова,Робототехник,9,+7 (973) 377-1145
985,Ульяна,Белов,Канонир,19,8 050 884 9511
986,Пелагея,Мартынов,Веб-программист,19,8 (251) 016-69-90
987,Остап,Маркова,Повар,18,+7 (124) 461-1454
988,Всемил,Полякова,Онколог,14,8 (132) 290-49-27
989,Олег,Дроздова,Инженер,3,8 (040) 567-00-50
990,Вышеслав,Кулакова,Археолог,3,81683857853
991,Савва,Агафонова,Пчеловод,7,8 (109) 774-8071
992,Феликс,Лаврентьева,Упаковщик,19,+7 455 457 9872
993,Ярослав,Евдокимов,Композитор,18,81796030988
994,Парфен,Никифорова,Военный переводчик,14,87273118167
995,Ерофей,Колесникова,Инженер-системотехни,12,+7 (213) 731-3068
996,Дмитрий,Емельянова,Автогонщик,16,8 (766) 441-61-43
997,Эрнст,Щукина,Снабженец,7,8 472 592 31 09
998,Ипатий,Сергеев,Повар,20,+7 114 470 5131
999,Людмила,Евдокимов,Финансист,17,84949112417
1000,Ладислав,Беспалова,Реставратор,4,8 (939) 371-73-63
